CREATE DATABASE IF NOT EXISTS ipa DEFAULT CHARACTER SET UTF8 DEFAULT COLLATE utf8_bin;
USE ipa;

CREATE TABLE IF NOT EXISTS users
(
    user_id          INTEGER PRIMARY KEY AUTO_INCREMENT,
    email            VARCHAR(256)          NOT NULL,
    password         VARCHAR(512)          NOT NULL,
    first_name       VARCHAR(128),
    last_name        VARCHAR(128),
    is_admin         BOOLEAN DEFAULT FALSE NOT NULL,
    is_suspended     BOOLEAN DEFAULT FALSE NOT NULL,
    last_login       INTEGER,
    public_key       VARCHAR(1024),
    private_key      VARCHAR(4096),
    sign_public_key  VARCHAR(1024),
    sign_private_key VARCHAR(4096),
    salt             VARCHAR(32)
);

CREATE TABLE IF NOT EXISTS organizations
(
    org_id      INTEGER PRIMARY KEY AUTO_INCREMENT,
    name        VARCHAR(128),
    description VARCHAR(512)
);

CREATE TABLE IF NOT EXISTS secret_keys
(
    secret_id  INTEGER PRIMARY KEY AUTO_INCREMENT,
    secret_key VARCHAR(512) NOT NULL,

    user_id    INTEGER      NOT NULL,
    org_id     INTEGER      NOT NULL,
    FOREIGN KEY (user_id) REFERENCES users (user_id),
    FOREIGN KEY (org_id) REFERENCES organizations (org_id)
);

CREATE TABLE IF NOT EXISTS passwords
(
    pass_id     INTEGER PRIMARY KEY AUTO_INCREMENT,
    name        VARCHAR(128),
    description VARCHAR(512),
    url         VARCHAR(2048),
    data        LONGTEXT,

    org_id      INTEGER NOT NULL,
    FOREIGN KEY (org_id) REFERENCES organizations (org_id)
);

CREATE TABLE IF NOT EXISTS members
(
    entry_id INTEGER PRIMARY KEY AUTO_INCREMENT,

    user_id  INTEGER NOT NULL,
    org_id   INTEGER NOT NULL,
    FOREIGN KEY (user_id) REFERENCES users (user_id),
    FOREIGN KEY (org_id) REFERENCES organizations (org_id)
);

INSERT INTO users
VALUES (1, 'root@brueggli.ch',
        'DGUWiLpmubST1C3N+e7+KKu2J5D1qLRD8CjRqbV0Y7gR7fNA7S3OXaFHI69FXF8iEzKQZXOUTRgk8bQfWiAzbw==',
        'root', '', true, false, null,
        'MIIBIjANBgkqhkiG9w0BAQEFAAOCAQ8AMIIBCgKCAQEAjVRUbZnevlGPSKQdxm1ByVj2+TAW/RGg9WFRF1ifCEVSJzV+aMJ0VOKEZd3mPdq8OwztGLPbmtA/XXLbv0ALwMVO5a74NFNiajXJtCayRy0CjaQL2cL+ZM1kqpVyT0Eb3G9gsaejHsuKETVJgilaxH/wacdO8R0M5pzDfqtGb2qCy1WUAtNo4dB5QJXJvufZwlI4q+1BtMMVEhsYILUeIJLXCVjX3J/YNhprzBPLlu+FVxaEHqJzS26MAYU5oR4d0tH8lW3XGwTdK8+BVgDaThyblCEo/OsJ5QFdYcSSzT99uYyQienTZwcIgOKEifvcNKRrgN1bDGp05LXqZhaz5QIDAQAB',
        'Ac/fBVqEahC+18gxIXC+N3MzR14iT0sJIpyE1WJ8egOvBWDStiOcntJMGQXvLUnUVr1U4neNCFoLdI30ndJlN0oltq4jwLp+LheLPuofLTB9jjPGS+dyJr25GKIoEt5Pkcddc07pOnStSwOFPR9TmRuT2zbFkYO9Xz+8eAZesDY+A7B5+eU2GfjqgVl+USBSQY+AZJ4BdOuPaIuKMsku8kEz0idl0mWjkPMn7xoAE9HvPJQAZSmFAg44jDPeuYbHWrPlHGZ3UWEfU0NBEeruE2J7NviOhPb0YKKAlKilgk5SspDgJkHXg1wWtJAlXCdM4mhaNm5qgioGy1jYCskxctZ/dzQ7Vm5qPgkp5fkF1sgSoZxeVm9ThDjcl3vdQ1W0VUI2thDwGjlWw2XIrq5mXpMbj1jnA2Sg7S6N+A8YKlOiDYgztwArdRDLiAeDB7HarXPGwBXn6TfqOsdjyIJnl5wgmUinPhZLywmd5HcKnClCzffbgqZmQMI11Dj45kp/MYTJMBa/p3ZuTxeu2Mg8T+EbJkLwfRnk7cYfHgQmB4jH5wijAxmEszLFSS2DaLB7Ic3ULgeBPohwsh/zKwiluEu+7P4H/x5UlpdQTddiPZNxX9SAAdRhhii4FsPVSFK8OQnDiV+rFvADc8BuOq1OgADfPXnSbeaI9ZxVSb0RslBufbSXS2l/bwtB9TpYYXIYSaL8g7U34val4GRyzG+CD/Id8QoeygkFbY34P+RJL6VjOb8oMXxNB+AUdYMzsxY+948m+8+BQ82IPnQDmwTbVbuPZPHYv3bhugxjLdx4O4fMZ+I0IqstE9y4opErFgcnXv2f0OgKDBbkLStMe0peA3B6iBM59p27A0aJ3HpGCwArHk17Po03FeZarpHBkm46ak/X4d5IYRJzEoHeFt+TNgNGH9F+zv9MYrr4nD5z9riMDaaSUQRm+S0I+Y1ClAuJk420tdYt87KOJlJ8VcAspN2nYh8EGtj+9omEanf6yUc6GpHaHszLy8D6hHF3Y7aZdKpgD2pu9Kw+kaTHkxOeCkTqbQr21n2Stg3RlUUQO2R1vu4jby4xU5QblPBJOkz3bZesR4eLLKXIooVF+ZQHeYpMnFRCqSwSINb1AcNr69FKEt9AI9Tx16flvlbPv9vwn3G8u5E4Q9PMnGZAOrVHsPA535Ca6297DQvjgdwaEmALn4H8UOR9jUtmeNOJvS0Ps8eaiYufiwHBewh2CPW0wFGqlRscc/F4Kp8BITD5MJS/PL9/gsEcwkMUlXSURUigHzII5SPhGSv+B9VxoZNn0wcsHEogtVRrNOfgKwDw3M6LOujdyJWVCdLUIZkv9KjVnV1skp67RAGtHInwXIZL5eXgfHJ/YOQePVLkX/ihGJkB3I7jjwhxTthcnZuY1vs/t0M9VsuDRHqgHwrRohwjpZazlI69jXm/eAMdpPGNir7cVNm4rMzXD6DWwFz62TZy5qdAuviqzZYTy8rgOB0knUBQWdxiYI4t+aC/upYjU4v/zFfzwhq6vC1sEF/u6WX5FwXv5SItjDB1rNpUxj12ayBcK1oCllfUqIN7rV9Fz4XAx+qKhs/YUNVGVFGo6S/TagP9FmWRsHYXUxQ3YNaec9RugtvQm1mMNHm2lNB+o4Hgr3ap2q14HmGC0jdf0G5tprU=',
        '',
        '',
        'ZnpXYkkyxZ7AA62BcfeFuA=='),
       (2, 'bernardo@bernardo.fm',
        'SdYVboYoOFJTTfWOvsn99mU8dfdVV4LSHhQxCmvvUs8WI1hXoTZFsaq7qHFUVDWZ7UxHJnDds3mAkhzIDaJFEQ==',
        'Bernardo', 'de Oliveira', true, false, null,
        'MIIBIjANBgkqhkiG9w0BAQEFAAOCAQ8AMIIBCgKCAQEAo7W69ADF8dv9hGbFhYRlwZYTrD7YSlBPeUhfwTQI3hF8dceM/LqbDaydCXNwh4bDmDgPdzQdwgx2qaA/5lDTSW6vqGOhZZgLu7jpv1ZG/XEES5Y9Gdv2UCfEpjj11SdFYwHChRorbW21aDoDqP15LK8C6nfaPwN4CTbhXlXIxr1WGAd3/UJuxWU8YyK5Gxwktewv9alcYMi7rxhsYlEOBOca76v2ys8P5jZCVyxXgyT7EPqnSg98NaGaB9w4SpxWLIGASHkymrRe7KkB+KNT+X+3BtXDUpyaIDjKe4WEE/XofufosOCOpsixiZRbA0pBPcnIc9ZkzrdCRheXbpNg1QIDAQAB',
        'uxjg81NqM82sYr0whUYoCRrplJms+3L3JdFHvC82SYi+v2GA2ZHEwOC0OpyQru2zZ2M236AMncA/vVeivbiD2qvD7Lk+5hIojeHhBwBcRo/Hq77kRHYL2ut3AQ1PhwkUscGSvhPTwTJt8+SpQCIaAquAim4keF1vhYi3ZxlCFVa6HUlaBpa3LRu1AnqKMjMDEQHJnsemqqtO7GoccI6jnDBnUwpDgHPGRsG8h+KwtgmB3HgL8ZRvYMoyvkBVvn+MY1X6yQhRvqeyO0nPE3VCc7xX2pbXv8ZzrfI40+a4v/oy7/TlzHOMEiHSYjoxoGx6vP1FZPe7wUBBsxngkv1gJb24X85VDM/X489PEWQQ+JxDMfz6ZFPN1CIec28h1HYE/iaE+hpXZ4rWsz3GrTt4uE0+lok41N79BrArYdQoJQhWYynO1ESYqOEJSWoPmDFmiPvNAXmibOEnKZ5uWFDyH26QM5ZbRfYeP5es9DwEDUfTR38KXkD3NBh+hEQNSai+6X2Jg+TSWm+h5x9EpvtpXoHyAkUyE/5Gj1Y9VlhVptJkTRnrfdE5gcrN+/5xwOPpPAsHVKC1kYrmA1hqR7QS6TMZEyj6Ian98IGcyOqLSSyhEyse/OWs+grCDAqROkDm3xkn/FPtgDZ8+FjZR3JLztAwUwesG1InD1GZXe2kB95155fXZSu/xz+rgEi2sYa2tCfbQ+wc46P1WtZDTXelqBFKZmKuATcWRa8sBv+squbjH6TPL1Si5szpDmUN0bFP2/NS43lABSJUT2lmpyF9v+f2gudCJqN0IwY3HUc6uNjBQaJViLocdHA+1kaZd/7vRsd0423zv/XEtC/jxK5rR/dtjvHLtA6NlDObEqpK2k2AK6SiLniDMbredsaoM/SKA+FwIIhSsWzKLfZw7Gqdz99KjZ9DGg1ppgXcI+qut95D+0F/KSnwjTVhnGwErwzFDErtUvBM1FhDvUIh9+szLoJZ2FCMKLHDbJ98RfYvRG4Gw3LRRHWbvb4jqkcgewa6BkB75mu6jN9JlXwgzHeExB1ZF5EHvybAVZ/73M8YfrlFSVv6CiT9OubfHV0qaq7IDPlsIuyjf2qxo56fDcFAxgvQDaZOXwV0vhwXSnJm72WKspw0nc4qS2X07XSqt7aeetfTWhrz1IPoKuWsoEX2xyDwbPB/oc+ONx7Dzd2KcbhKZBV12QXCx3FHcLPtuqAd94ivfPAzCcxINcAiVQs+Dra0OYDGJBzoL2mG9ci2+Oh4rKOT0R9APFQevrDGr/vnuRXTXxhWTERlMjPW7GGPN8mflPBH2YQeX8wfrfrcqknS3genwdlxZoHtGo+Lpn1tVd9+e2csEJ8fR746Wf3WAmeelKs1c/pyKKBAedYgHtiEnkvgxeVulMWDfEZCuWTT14ZG0a/OY+mLYHHL1GVdhDVsY0LjsSArnWjnkukfjhu0wSq2P7BayMAts9Hleg5e5AizSFDgOkwXmNTyO1hcdoAD+isijkSuGcI7evlKKFMxbr0Cqry7i8WoorpKk5kH1GRG7mushLeflwA7aBcu/YDX/A5CRAgS+jO3g3hEOoxsk6vHouNpokn9rQB8YxgA+hk8ZH/mN11iVJKsjUG271o4+7JCdanD6lDLuQ5rgDZReFO+FSDOdrYDBp4Mnmft',
        '-----BEGIN PUBLIC KEY-----\nMIIBIjANBgkqhkiG9w0BAQEFAAOCAQ8AMIIBCgKCAQEAqniRKQiqL7uDsjXBGqTV\nsJIAsv2L0ujC/e0KvsufEKoVZ2W2scVqYWo1qbplejmz2Uk8qwxzgTF9Cj+1Flgo\n5HQOt75EWTeEK11NfF241qGONTO7osv3zRZe41dHcNw3qCaHPKlTth0z0l82kIxJ\nxUeAqD+TXCUKSsB8oKiZI8MUgxd5cqyDa4jSvycKwOtuc536QWk6Bsyw8hjOPEZC\nzR52xhYR8HLtvBHIbrxARzjq8tOlivoQzNq9yLe7HYiMtHZPlfrnlr74Ibrjw4wX\n3oJsd3TBetKvcPWQ93Qb/Dgcw51I3xXh8z9EfucKZuItHIZZlAu9jSWG/6w2ElHa\nKQIDAQAB\n-----END PUBLIC KEY-----',
        '+Z4uDaYyIBGjMnQWFDVehPEmvItSVTMGyyilkP276l6twQt4xOZNgYtVNAK+lcAp3HSip5KLDLNk5EzAIY9Z2FoPBoWgKkb04qAcrCHJJxPLN09JQJNh0qMotoPr+VgmiV0HM1XPkOdXn2GBR1WtzBenETL9jU+VvJnPlccjnSA0qYLlBY43FFpW+ezsNkPcaOjwWekha7o8KQruBUkXF5TDlmEvMiP1X1hDwIUQRHqvDErDwnIrjmM3yq14ui8JguGfeHQqySs5u1o6nGJAZcdyVbbSH46TnzHRNk6E1vuGnhNOfpw2CTC9zTst5FCBF7M20vidzca+tvY4lci15CCJosNksHDiP7a1wfHhRflINYYhfnGGkLbWU8FvYnNH3aHsqX+/zzy38c6pb7vDVp2cqCF1C4mpp6ykVTSrenDsWLQBi0GsmpAAhVdrHlxmg0uDH0DccKuK9mXQlsdgVNdNr0pktHIF+vxsFKnTOQBNFq+YqMnfbL5pxu0zj8Z8k/kDkFuLLaelhesurN0xRQDlo6kvcBOKA5g1e49Nc3jzJ8Lj64tMe/mJ89DO265UMWs6OGKiwMY2m+umKGFQFWXs0Kv9YFREf+RkV4FkLIefASFjyu/xkLKrUSBcGzgUtduUbg6biqveByVHipwwaVHRfVgmzlhs3w/G5XrwSpzbkJ4YDhiBXEDFqBETquXDc72aT7cjSS6VVvIdpFBEbfHbDkgbwaIulwkyOutX7OCgjxuiDudY9IUSziok0aix8qN08f4cFu5c4K/wUJi76S+YoTzfVFhKLsW4HyYTZ4InFvyetVjyqGtvKIGumlaSHQWYvhXe9MUEn3jXA1VeiEQ8wTnsPRdpiVch5gW0WSI/KEVB6cl18fMa6unNgNzzbVO2iy6NKF8f1uOHk1Gpvq3S9ZlncRy5URT/J0ktZcNC4iAo/SG4yciI8u+FaGZpdzCGwE5x2SBv5zKXvuqC7qUT3eFgl+Rq4I867QPZJNUWUXfVJG0CDOSHPwpInsRVoh0OtjKB8jTZ4IqruiKSGZN+CusCpmkQN3t2HA6TG+29yiF4Lt2iGGUH35YDp0LwQ+xW6Z5PiOF2cXyCwk0kbQmfLJ8BuIXNSv0WqnIpNS5qpmcA3KCXteaIgdlLdjH+2JOYBYmoN9+JPBkp6Xf6uAdgQg4qcDJdn/9SmL7e2O5PHUY9CXRNp4fe241IQ19kc4VcMSMnXpImqvYe20oEv1dtCDf5FkwAzsTk2s1owyJmb+mu6SUjYq5Ro0YJn/mnR589DxzON21ONBKKTN6bQMV8+NeljJhwmcHf4TsiwUxnslxu7rV/Fkbn8zLRB33LDMlNSP7Fxpc6allQ/qBZ0j2kcBsim0qxGDSR73tT4Oben1xxErne4toBGrq7xFhcFQSBJ20XoGEWZJhmGjX/7N+HMVpYtCET9XFgGJ6L0ALk/fvXWmumfXg8o1vExEwr9LLxpK+XoLWI4cCMq64N9P4KaCktIdLUZB6vnnOElm0S8iGeDwN9xnqGM1kft1KP4V10Xyzr09Yn2AY98p6Z+Oqe/1yWgj0F/j4AYqhOp5+hTJBgvSFXhujQRz9Yalwd6yU7wwKzr+eHmknvqngcoBkIT9ac8MPtqX/zGvjT3/QAjNsWlOZkALMWd8cE+ffSsqw=',
        'PWqmmZYiVhSF+jDXeUoFNQ=='),
       (3, 'corsin@brueggli.ch',
        '0x4ygjRHJsqO57N1/ZgrOoKy7R1OZdmLUz2wgwJErzLmfYAw5YzE42m8/ff6n8CjTTwXOh3tQ7YzFG9oYMFtHw==',
        'Corsin', 'Hemminger', false, false, null,
        'MIIBIjANBgkqhkiG9w0BAQEFAAOCAQ8AMIIBCgKCAQEAvzYLKWLqkX/7EgOS0uF1HhELde/fNcZKwdPxSf3sADNZcwcRibGC6gI5lrvImTLCdDXPXypmHqs8V1tmvlL2aztthiWznTi4eXCL+UGb3kCdveAGivY0noDZ4+mnxdYeiNKjGgN/pOJd0bhNOCGvyhDxQqJ73n0SsDC7s8Ov14z4qFMyoPYkOHue1C96Fwgz2B8n4yj5Bs/EVeisAgODDR2EgfzKcRsBFOtqMrsZmBB8SypA9Nj3heq6nx3IpVRvOEgXK3Lsd8hcOvuAxB08Y+Ry+K+7lPstMHKIHj3A4AEn7JKN6iRuzoY9xzCXZN5i/0FEE/xrbfGaAuQe7mQxXQIDAQAB',
        'K41qxwPW+YaJJGwy4RuYbeoeetPLs2pWbDKEHZ5SWizzkj1XlOgDeeNESOJ4sh3nswXkAZzhe0VJRGPq9pbVMKj9A3dZ3lkchqwJM06lsuwRadvPYpTTtC48DbX71qcbLDmrjuSiRUdN5NXRYKvRDemEI4pTqusnmiH7RBRsfglT36Mo4vXWVAen3AE4c59KJQzMAGOa5KjuJTO7rGjrM9Ykh5phlmPsZxAnoKTrQWpDR5JmuoQnj+cl0N9VlCtqbRZiYRESrW7XcHz1ja1QQrUBe1u/YFLiVlnn44XugFNDIRkRoLS+MZ4SNtv+/R8yREFmj/YHuuekddKZydL+qZhlnmACkmt5kOwuV/pF9nvkh0IUq1pY5dpyt8RHgv0xWEVt8eXSWmCl2mxqNu9zGPveKuuAvk7wDjctwsc7PZlGHHXhczv2lbfTbGNPH5JMiLUll8CPURw8s9lT/SDLYndGwQ3jPZIX2mHyq0ihf3vbhNsuuuSluoDckVyZwA7Rel67WruAqzZlILB2vbbqSonYIITqUg4mauREJ0O/rl005/Y5F0RN98zkDe0bknS/CsKP6dUUYjDEFv21t+dbV4y5uHhKjkUx5HUIaFbpQmF5Dd+9cwRJPHrAp3uMOUKIkKkTyZowizWANB6B1oUIsVgWNsC164SYnTtYpZf3Iy5DZjjm2TH/06ST+ftw+6khRVR8AUJZ4dlHxyKNZWkAbGPnotN3HAD63bvEyUJR4ngWSvnvfWB+nENIV7KdNCJlspkDDzJI1kxnG5ESrhc0W8D0fguCE+OaaTRHN86Fj+Q9Ev3VFFZRhvJTNE8YfZX3cZV9Nts74DPbF/ERNoC2JWYoWk98eNEAcW0kqrhV3UWS0DiytxyrGKsvmkZL0D47acM13+LGg2FqCS03aeIIaao8Q+1UQLmmv7VC0DzQnO/xfAdVsJL4aOHOV2aleI0OR4cKgSZYcstkM7DzWiHCtw4X3nRlkFGNeAbLFv0LxTyvlEFRjSPNV1xMU4qb5VtxtM7B2nYacm2w085ZLD0/cCVBk8oJ9YB9wsV2kgQ6n6San+pvRrIy8oqhP87ESP0ejT/u8jQ9wYsrgr/ghDckvkeGLY9uDZbMkprOQlwdpPXXSUBnN6nlDdd/NuC+At1gBWJmqHAsnOYqrCs3MPQUpalrGUl8VY+MvQrUtYeUr2QATad+/v+tfD64asLglhR8KF1mY/KALfPOjlEMmTazJ7l/AGiVVbH5zYkR3Iml9etfCwBBr55Su0zoxCI9ysZym7vLCGSJzR7jQkL8FUL3jU5iGG8zv/LMOKfQmPDoWpGJrZOqfCsgjIEcH/7L7wGqT3F1s01rPbt8VGoVDLIU3w8sZlEzQwTyKFFO+6McAn8JJABjVWZ8mjyHdu/uaJD72XvhiNQ94fbJbZEefI0NI31waqGXpnVoZ4iZQd+hpiTQwA1dKhLfIe4RNNEZtEfB1c9bcqgtMajURXqub11FgBCPzI7Zq6V1Wtw989QbgGri/UVfT1qfffom2Dx9z4xxwwJP5/Ldt0GeHPqokopbwDl3HNtYgEelLFO1SzpqdV24bvvS13pPv2nPlnnnlnN9I7zE5gFxdyhuuApx9sBGcnZhS7zkUKk/2oY/Zq+i8J0nmK03qvxPCN8lEJ5qC25eGE7r',
        '',
        '',
        'NhD4DBx6OScRcayQz8qgIg=='),
       (4, 'gabriel@brueggli.ch',
        'wLFC9Y/PAWF0gt1cWLuAriOfh21+SsI8P+4ZgxpymzWSrVQGg89vDvbNBRyavXvxKCxyWhOwwGYPX5Ym8kMqEg==',
        'Gabriel', 'Guillet', false, false, null,
        'MIIBIjANBgkqhkiG9w0BAQEFAAOCAQ8AMIIBCgKCAQEA2p57yW2qJmbP71K/REZj49kcwSrdYN66eReSBl355u2xvMkqO//mMSTj++p6f9SOkmvw0i7pdChCNp4Jv4+EuzCcgE+bvE8EzWYMHfBSDdjSWo4Qkf34pZ1rpELMRubpvrzQE+nyVXVG3+nCe4mTpL+tAG01oDnk8Wefb7NLtCksCHqwmJIgBYQ2wEkUadEtL4dbvH0Gz2zz90rBTUCYVlpG47NiD7Ld24ToZu0PfKeBhAKx6BdbVP2OigbNRYCfhHS5yytXpj1zXNnMq2FfWtribjgVt1jOn1GHWjiHzW86oyBYvTtGP/zImZK6xLaPQgbFGnGEdyd7MPn3RwMUDQIDAQAB',
        'OsgK+39Ge5vmoVU3UII49F8TL1Qe77rEPWMIigMZO/9uYb5EZzr7su8bMKhV2Uf13pYA7R6CAZg5eK/HvYxF+QbO7oc0CKaYfz05whc8NuAREygR+zsxie7FmRoY7m3HH7DF3l8EZUHnjet8WmIsYhMbVZZhH3EEg4rhRu3K0dVq3n2Dhlwc26bdx7f1xEaQpOmTWpHw33zUURnbLgwsyQhM20rmXUEa45D40y+33xDvXQ76/BplYLdrdhEJzYs9LhBP9Ji1zVMIED0OQ3KKgikpSjcJ/A5yobEtNeAVu/xDx7JZt+FgbTxEsxL0QiZa/IvwHNFgl66fqWCzthWbXKx1BYK04JkyvpMe1AOWRnhbJ/4wVw42LxAPdhLBst4ReJy8leG7iV88U7nDNBZKFEZhOkjNS0U6I3LVLwCSqdgNIw78ygVkIxAq9ztdD6z1dKw9MrlfXaUaQUC4fXJRC7yaOrhCFHtS8YQtTW0h1bt1JtM92fgwiwiPrmOKeybGVbKSKD/WxN0RoNzehsC30vl2qcut86elTxXYJ38EA3cwWzIbTz+Roqac4grNjrqqwK0JYeDhdsDje/ITeM3UHAQCuqY60CTmLk03i1AVQ9uGEcgsY8nmmEpmCQRlzFvGshU+6LbsyxpDknqhMygG+d4JdBeh2eYnnvxezVW6J+bDxy5vb5Syigc1Wo3+pMjMgQ1GBvU8pZnJG2Ja6c9kb2D6wLo+Lu/XTjGp36BI3SJ3t8n5i0PPV3YYJQc+GkRpe0zoTzXj55CUWmksYq/7huJAa0HNWYSFtpg/UeautQrhjRM8svsVtsTHkxDN1G/AjFVcqshaqaRySsFoRUssB3dDMl1PL2YlrlZ4SUYVcnWGO+1GiGN3TvonJVch3mq8A6EVphX4alCGEAEO9hhumUvOdU6eAbiVsl1OAy3H+Z2Vj0lXgD/SN/k76NSxzItcqQKnjUdzvdQdyJfgkC2ZZmd/raiOoGokIpo3378MN4JLukpIiqYckOky0Mvk9bZMXYCXxgshS2H4D2wA0xgOSpXBGqYEs82FqZ2epMrfOCnWeHT3+0vg1lG1s3BsxEpRMg+BMx5hzyV4xWLPwvPjbIaIMvuF5alfYCy0iYtsD9z/GmAS6jcvaVZiSf3oJodvYwViwwOCEz7+WCqmuATHxSVYVS4Nr6YGT2jrG3i8xAuRwsMA1fCIYA8rq48BcWq2ydT2EcYovEt1+TvZmheB1azu+UP00tnhUdhdOJ7uND6evAEOCwO6d+Sje6FdZXAqnVwjZDjZW9rlHknozuO1yOS0luJc2a/bYRE9XR9C/ouqDqWCWK9R+tUtaWTJtGrZ8Ci/oWyZIiYzVAQkwa33kG0LTqu3zq7Thcz1AjzIBypE5Cicha9Gfvrovy5Lh5ttCkR4k49NotQ6ARxfy+yxItrUruDcDhbu8EEzBbrqo/xkpjfClNGZoZf/5lyZR29s334OHYqEgcXJMXaO6uCmaLHocYQPDnkxEiXn8tP/NF11tz8PwVEPzC3LvqOZMUTBVUoA4ScLz9BIWAr0HeLFflVhZPk7kZg2b/YuTGRfJWknOlIiySk/rQwz+xkb/WlgmrwA39fe4E1dpj0JjcW3EwgL3AecymgkgUHADwhsLpNB8FjgHXodXgCe2C2AXByRSQ==',
        '',
        '',
        '5GO0P+lcgsXif5wg0Dkqiw=='),
       (5, 'manuel@brueggli.ch',
        'C39zRqoZKwQ5VEXNytEKnT4K5rofLPWo7VTS7T6IsoEmryr1Koud7G08bRrJKTqXHnrBX8CojYmM/+PlNo0Trg==',
        'Manuel', 'Gashi', false, false, null,
        'MIIBIjANBgkqhkiG9w0BAQEFAAOCAQ8AMIIBCgKCAQEAvPTMyt721HhX8nNGikn8mWuL4PTojdV/aSreGs4YuBp0qRXJbBRl9xjVvq8SSaF1fkTGuLt7AMNjf9GnPzc/9WTOqDoupurqdjEOPnjhh6vLC6lype5hzlPsCwJ+r69anxAPg04N0SWKIR4Nb0K/j4E7mmVEDM0tWTjTZ/9MGIEOrKviP4fLcvR6qHbEpXcV2ALA834t8yMoYyut6mphAtNMn66rbQfFz+WM3zYuLocLxLdufRo6p+DnPAgCdg/JorUHdrFxYnFww35kXkYdLtRyAT7HvN3UocuKcj8A2MsI3LZBox9jcCAv1ShYmU4C17fORcGzAsUQhqXi6q1GAQIDAQAB',
        '3nemqE0GcBw9H+3z3G210wpJlXJAElt4O54nhZ+ogkJykc4qsXGGd4PTrGCsu7D1naOHdshwvjkHziFS5ANXsUNm154wGa7F1/vlvUigWmOxt3dKiLmP3zjB2JY9b2KDDwZ6jNf25hG0v3ykaaMv6NF3wBQmGO2XPkSCLxQWP6nbRO/w/6/mRo7/QiPQwzxkIL5S5xol6PpiCwigtpR9gHQBh2/qjFcAngi4I3GiQVLkYlom+TvIn7eM/7+Zhgn8qvpIH8CXakj7FscTlq1rustV+b/3I92oJe675KaZNOdqsx/zBqgmzw7lPIlPJPKca26O46FzAb7wqJnt4EUojfsoMrrTXO08wqE5TgeH1TEhod2eaIM5EsCQy0+A//iMxsGWWsWeItx30fFWrhXAm9v6FZEIa4QLVAY3QEcpBEN1vEgWpF6C+JByQ+xokuT0tNBz/YGsBJDZ9FG3QQ4IIJpf0U+E8+ImCnkLnItXzos/xeokGo3+MbQ/L5X5zw/MLerxqM/XTanN3LfyzKGs25AyVS6EluDB9vuvm5LMznNRO+fzG/J2tGe9Z0F0azIifJSBPwherNuiwKOL36GO4uzuNqgcGJaFl8Yg48K7Lp3DmX/5ytMMNyd2NNE9jWbJQH30lYWPLl7zIcRibJu+ru+T1vGCP2OoZ3xzOWeDyy2oN/l2KYEb9o9yVqemBEMndPcVVFQjMGTwpPe2YDT7gp7PPLr5fB8jDYI1nNzeZRwoET7oKlnWPgyn/z++On1/KFxlk1S/dg0bJnUz1L0J2YmTaeHNUQy7cAsd/KfAK5jTTqc1f8tKgJBGgBUoVRFW3zHa4KxIiilDx4/WMNn1y9UFv5gGVY74LiAdReE3WXXuAdtpK8jWFnAl/GlyB14VwG/r71wAhahmIe8LtyTbMaNPmoidpuIio/Tvz7RAmMEbUaObl5Z1JcV9IDboGBi+d3QZjW6OqbigMhGgaXQCX7Wf5sX2dVPMTGA/9RtBD3xTAn/KlYU1hzkhbjX/BJOU5RasePv6Kp4znxutBD/VHEwESSXKWKo/5nFYc4FQOUgQl8ocsXHt7s6v5m26EEuYIVqnReuuRDUUJhPuymS6Jiu9c4uqx6jtV4ChDeUdNWCR5rX8LrsZgGdMY2qz3Wuf5DALm+djJiqiPRd6V5BXdPdKsiyHK7gDaRWWjpnieQvFcENzTrGCPVi1bl8jAkOMHfwBs4u8KuuWlWZHacfShnYprDDT45X8Z4elH8Awq4WnIvIePOQ8tt03FCiqin0D67IFt2Z9DeyDDhvHQvMrJc4SYhqJUBWTq7DX3lTqoc3Xkbe4FOWjm66xeUzXuSSgLKdQ03RwPXl6mv70iLz8xiE/Wnaglf3PI2PSamxINDEYQ2kK09ZSBIOU0xyx0ZOl1R3dSHeRgsfFtTVq51QZ44JHLa7hlk4CGocyJ9vH/96dwDDi/skLnwGcb+biwQ1ypNgPWoJ+O+TexvI6idwWPDIZSyTHQ0yZMdbxkE7Lch1NCSpHpw3Erk5RP9V5l8pzTjfjJExHI9sIt64DMjoKavouawBxwxuBLTdMfz7McXVx/w2kAnZ8wcGDYVyGC2NN5UvG8WDi7Ld/lLS0SE05716M1TzP7+bhqb+FjLGAAcbuaaxQTok24a83vVv/YFmH',
        '',
        '',
        '29XELAZuIoW1oe6fuiBH6g=='),
       (6, 'stephan.hoese@brueggli.ch',
        'yYk+r1a6niMpmU2cNVNf2YhRAkUga6qKGOm70P8WQUZ0yVyfkn7jVk2J3KUHq5YDnXa998czeNzpqgOsDEbhrQ==',
        'Stephan', 'Hoese', false, false, null,
        'MIIBIjANBgkqhkiG9w0BAQEFAAOCAQ8AMIIBCgKCAQEA50N0Qydm2hoA6YewL8yaY+1MVlVBVY4PbclVpqg4oURzaGp8pnYucrL+Jr/UkGZrjO8nkeGbWvhEC8fXsw2z/5iGePMZaDxsw2sENBsFlibs9ZuzgbkfOza901KWVynlS6Tjq56jcAHW2PKhikUEb1WioEw98dAJUaQnUZ1Epa7MzNMpTTg5iusSohN2tBovnOazgzZXUrzs4Fv6clY/SE2hKYhC1f6fEPzQ9STJdqR+o8rNt2nTgmrzrdvfj9xL2hrAXP6MZZ1SAwg9IGIPVzgy2Zn7Cmf2ptVMT2GwzJCxc43oj7GQYVBK575Ietu0N+/AJkegIotzm7uXijeloQIDAQAB',
        'Jy+ACRgcHf9xW2nuNUqAecNZKb+oNbGijLEKdPKeT1aJ7ASJ7a8qw+uPaWnimg9Dgjcj4oI50AAk869axwxreUWpWaclHeKviPX0X0mo2hyWMBnrodTDpL5NGP9npLkt3QczTcNzNZ1qg0f85+797QW/pMaCKI7N6LzekCAV5+ljJsabl3MmgUNKTPQxMsji3Lb3rlA0l4GpTpu99OWBSaSmAWtCcpX2fbBxDHJho9Q4WzmJCTe8iPZtRxe/X0JT50cHbX09mgw3nC/ErZln9kOLCBT6qVDClHcUeVbTawlW6hhXjo1jxriAc2pSmcI4yQBQftQhceLNtN9/mSp/Y58T3U7Z8UZWlVFQKBvIzRjJndZernRhDMKkGKodItAi6U/2F8PICeXvkd4vf62uzYfAN5hM8idUqmA4APfe+6ur67Ff3jQ7wXpcxu7NiSAmA9EoeGudcEeo7q1e+44js+jymdGfXC7y5o9dO/MLu2ARUTUVCKkizZyRRRkzSedk83ZIHY+1x+bTGdWVMCOogG58h4wgp+ca3VzKzC/gNa1sjdorq5X7kDn9JZC/cPv8B9WN2agbmRakTcWVttb5Vdmbs5s42RL3S2fZbEs3g9LLYnPvmEige88x5AiskNSLK8tufeySjroAmZcb0JPTwZZwYHk0HkcrFyj9QMfB7K7P87xIxLKSRmYULC9sWfcgKUjAms0EXGcrUDuOFnxw957wBTWKNfTI68W6jFCZ9I00PjAOz9miZ+5FkYM6TlztuodmvMHe/h8S1LJ+mmA7uhA14xPuZc5x1VQhHdITnYfixBXByzcdPWF5IFk6H9ARzwJnlZ9nYNTAc+eYiFpiTOkXGcsBwHI3IhPK8KM9f02cdZFCPnt/z7i1cG33qUbNVF+B6PSoU+qvY/4AUGvcPYARm3TXdJk5IpYK8ju7YItm2GLykYDLSklVcVn1Ol+7grXxoY/dsTxXUoTrqcHqgN7EjAWu92wMCb6Tkn/fFUbKLyduYAhJh+GQnTeM7uVE/MttBi0nO93omKlT9aNVR5fGnwPL2wpsWspu+BnYQA3FcLZdfHSCFPmMJcJ1mvQxExm+ouue7QqsXbH/AeJKGOzq87hJKpVF7mdz4UmwDSvhXE1ublFjg4aIEWEgkcibnCBls2FqKeMrFUKhK2XpKzW9ytJk1t70GDm4Vh/68dUBTE0R7mehe7WzxzpZNiIzAVTseRCnpeRugUcEzTnetKG8n5U06qil0viHto7xGiwEAdRxOORXPqh2OGNZ06W3NHncKdWWddnG/i+E4qkjwBAP/TijRwdHyCIPOXp2oGTrr7gC0VEZPvEYPm4WboPo8r3HYZbBQ2MZl78HDwY9Kdtj95VWAEExxzdBlBBrsiKPHSujXnHkVOChyGN+P+O+kyaHZtGZhqovEqnkErfb7aCxRvsMkm0IMKksCEQ+CjWHQnl/k9sJH0t0zGQmCKHsBv7T7AzCr3yHfzYDZRT3ATzgH0ckJS8/7s8TypJHBURD9X5389Ny7CS7XSCUGY2nz5kT3Q/h+9CyjYVfOnzMO4Iy66lBb1q0nYMDhfPf3+9lNiYsy+PS1TZ6hXjB2P+rm9+JCT+t9cYUKanjuDoYx47bt+OBk9FKr3DEr+9RrcsAsW4EWiqaDjWmLSo5cWCMELo=',
        '',
        '',
        'N9JNwD34prI6Z3YqifNKUw==');

INSERT INTO `organizations`
VALUES (1, 'Brüggli', NULL),
       (2, 'GZRH', NULL);

INSERT INTO `passwords`
VALUES (1, 'vSphere', NULL, NULL, 'xvWfEoM5DWEWKlqyGeHeYo4eXNgYr+IgbnWoRMeSTxJ4mNnO5aUNAnOjbMpkkVqmqKQJs81HthPzt44wFtcDlCnXCT5lXQygowYsF2dTI/Gi+QfRC0MEQJB7f12ZXwFStk7HnIm3ArCCErkdTJ4=', 1),
       (2, 'Gmail', NULL, NULL, 'wsOdgxn8IYXUrS7UIAaJhgQPgPlEoPD+zslnK4Je3WrUV4bzTFmUB8cuSDB9ZjCg4E9PunBEFePBbAtonesbljwR6WByvY7m3uW9Niu+WPDor+NM9T42yMatchewHs5jUSywb97G/VJNIlp9XnxI3S1jN4tzPy2yJu4YwkrTXow=', 1),
       (3, 'Outlook', NULL, NULL, 'ZIzxdiaTf7eGbpvCbDAemdSwopWWd+q5Y4gV9Gih5pfFFkgySyATnWmjgTMuzf1eZziwzB91vl4AtVWqdNiTYmB9sBi6ge4ygm0SCydLHPvU9SWwGQfFVniiwDghAo3YQSBRt0t9N4UMwFWWn64HAopfN0T8tXtWJuIDVPw0bHApOg==', 1),
       (4, 'eGym', NULL, NULL, 'EqUqSuYFvKObq3Uv/n+4tW1gmxXLmo5BDX1XFIPW+ntnOPJoYrUUT9Jlmxr6V7EnbomRC5hb+QYmTInKBK6LLNEe4mv/f09gJjOb2A3Rapfw7XQTZZ5BpgFxlFcfUoHHzSMl+k9C5ylS9DW8shU=', 2),
       (5, 'Gmail', NULL, NULL, '0b+nAT6dYIpiKboPjbH5/IJg0o7Uq1xbc7ddI6EjEBclImfWrlI625uKJKB72e7x+L5ZfeK1oe+COfuqp0XcJUc9o16sCCM79c2rdkkgTuvQT42OSxy1I6Zd6XAN83nviKEP6vi6v9ffZUMz1PDunmq22r/qfEapEvgd+K8o', 2);

INSERT INTO `secret_keys`
VALUES (1,
        'Z4cJFU9ghwKufXzWBVCRB8Tgs2TTXbqbmpsivoTVxW2niYsfHoP+QRcaoIE/MnS40m20YNuj5H6GmqLa/QKRvTZP5ZDq0FwGLiOrV38mGHcjKUaFxZBWIg08nDYzJQ6uZWpLFGzfDQwLGefzEWKiiuJPvZoOqiTlZfZPIRqtT6jF0L8vjBa3TkUSPbVgYGB7btS4mWO0Qd5PSdldSJKl5ABq0zvG/0+WTQsRCS3Gg8QPEiE9Vsj2xL6DayR5yWmks3IxW6g2HBLYwUO95gjOCgZyA2Ju08kkcWbY7xXvFbzgH/4Mwzima+9vvQCC7C14FTlfn2g/RLutmC164jem0Q==',
        1, 1),
       (2,
        'TyTnOpUsmjZYNQUkUnrwdMzc5vIzaIohZEMpNi5zPj/heEK1QvcexP6Fh0tDxoQEEKW9zMKe2QKanGzYnAsB1R/gbKWZWZJ+NXUUKcqZMzxDl99dy1MA7Tsh3bSR/1qqG4jhn9QcPbl3hcx3Gv80/bZclPRKMIob3kcQILd/zEO5D4woYLeuSXyAaxloVYHnCFn8s/tAIPOfydZMQCEnSx+0QC++MgFG/VjmyMlpBz8ndxpEIpXJnQiWOMcBRZsZMFmtuY3ev56mGxkMo/68ONbFyuzDxMc3YIL3kgUnC2PZWrZNmFRE2WwlSowZA25eIzOGtVW38gQRJlUXKn2Ddw==',
        2, 1),
       (3,
        'AuzyEwazVNH3FR77r/43A/1KhWtR+8m2O/YiIlPICpCSz2FVw58N2msuUuvDYRpu8BddpsE4BdJ3lnNKZDg6F9OsC75OajHh4IW+UdORpuFTbIzkb8O/DEuapOyZyWr0gJDRKHnTsPmfhc5AiiaBTdHFgsBa2oZcpoNLe7ccq3uloRD/AlI9jURAwUsSjnBRA/XQpKt5NM6URNXd9r+WRrPk2qc7pJpAnSoYK3IDT1lsRehl0CI3KL78MotlziUTr1Tk2x/9PBfs4PS3ZrORVoRkgH6ckHnmo6dEzyMC35p8hKFiBFPPuXyk/ZyOEuxVX2mkhMUKpJUQFg6YlhLXxA==',
        1, 2),
       (4,
        't0+oGBVy/Vru5iRVGYUI7Yx9cX24geQWdUoyfajgBmucVy1G0jDrsEH6TrVWHGfrBeyeO0F5AjbEh0V0StzmRgwsJtbMur0VzxH+ZU5fM4udl/II0EWTbSegXqHcjL4GU26ZaEBBjmkT0pDST7p9fbZzJ4pifFPdZ2AUi7x/GucTrFWXX9JmyNb0VGzwVK6gmZdIiZGYX9ot9UHM0KClx3/sNxl0mTW+7AaQNdqaMZMJ/odY2vDUwFIWKy1DaOuRqkwBcWvV7KaQLPUu5tGP2aXSpH/rTbWRZPgYY8Cfk27OiWn9YGtt+jWm9RAd7/kz1KJx5cYjgoCGU96a2TSrHg==',
        2, 2),
       (5,
        'Je19EheCDpa/SGwmj0QboAYMnqraXzmaTYpbeigBjANUUgELJTuKlf1hnax6c6cgyn5egNWbaGtS/2lvXgCzv73HkwpTe7Ej6niLthqE3aTWOhVdK/QfiuGaplcW8sVB29DViualhtK2vs6NoS/0A30+Cg2KSF+W2HPPncKSk1g10qE52TTV38kTZX29Ll7b2QULzzr6NKHVTVgcDe0PVbo7zecuB7/cnw2rYC/XAiSY7yz20IK6EFBfYWayC8cUPi/jOBJP6dUf/pLm1wIynIrRIjN8TQK0n82c9VqdJdZv81PoVxaMdsJRbOqVD6shBYU4oXOAd8U4FTAhcK/a4g==',
        3, 2),
       (6,
        'DLhbPtMGWcZTmIiRoZn3qboRB4AOAWmiOt+2sAoBLzjapkSEDR14LLL71WCpTOyD2r4PiW4NWPtYsmqtagL6jt3G2gDZ6zgXDOn2IUT9QM3wymZ9yee4epCwYhEgt0v2OW4Ab+jbqFqoS2/8CGUA9lNl5HeW6eEy9GbRTx3mH2100MG/nUvnYANb/c7kdDWy38SGcCf5p5/F1rO8UKL0YzElENx2Vs30SY7/iLVr2DDVJVseBRAH2WBrZGuvGjq7MgfcAkWJVOO+ogSVLiPfD+OfOjNlitAt5uAPVw9fVfMTj9hE5MPLN63KJpc2rNvVYV2DGvJ7H54prnmBTRLz0w==',
        4, 2),
       (7,
        'oEV0DqxPa/f4GXqyrgDOpyO30SiEuQ6zgdUPZnBmLdCXFbFBkE3k7gD93oQxt6MLvTmP7OnhLGoqwJtD17iLjQxmPWd/RaUGIaG8ZOYCaQapMa0QelfU9iQQn2K44jyptGFf2U/43QAhXpHlWtWLCRbPDj1bhdKnlOjDEfCTYExkbVjQJ32j1jO3C5oqYT/1PnA1bWmelDq4A1xyhXaUa8W2KrLtb08adAPpsY+yvk+vNiYU030LdHtbeQuF9W5mm29Y4frZ46GKfOBjr3muqX7gy8KzH4B5hHu1M4U6wnux4egukQcp6njOUY6mSO3T7qFF07Ck2gnWEn0wKWc/1A==',
        4, 1),
       (8,
        'vypUH9tQhd15BDqf/vcqPmiZ2JFkJiupkVQ7KNAWEc/hC0LHYVvLWyBfOzX+xbz8AfPbVAXbYX33E9J3WQ1N35RSsoBNPQa5AD3daGc1j7tsXTzTk9lXzJsQ4EYjvI8zPqXiv2DHbbEvTQKTlyXdEsmFNWAyGcSUqgs4kus4fFZSM3is4C9noJ1Q8bcNo8xKpuaB8mqVNq6tBqWfZcF793pevAKC8ZAoaSuHbdcigoqqMbSa2Sq/R1sUJnmuLvu7XEQtkS53CSN7LTXyWZxyCak5rNK6nuaZvPd5LCIS70wMH+QalyzAonZz7/IGKgzG4rlXpfxI1ILWSC/foJYUNA==',
        6, 2),
       (9,
        'fzi7F7Ifkns/W5QXy8t4GjvTigrkvlXvd3FBbEcxQPvdP1cyyIa/GWSh6kUFd4r3Bh27RBQjXSS9hHt1pzCkxlt6eFoPgVALw+YyHEpiDBeV5zH+jzAFPbEBr7S8dXRqV/Fe2enDbd4NNdSklV3SOiMXdLRD66Yq4bD9bhQtXIqifd1DXTSsIDnR476QIxcNqqxHhoQRRfLuqSRmHxprFpK9tqRjMiGdNzFv3rIjwEMFDD4IihyetloxATxG8Wi2AXJYUgFGD7gCZlcPuR6OIIQ5N+aXkYpf32RuAqpGneBurBqY+VwO5uJoPsYo4hcdCjwhJe80wVe+QTEwR4u0EQ==',
        5, 1);

INSERT INTO `members`
VALUES (1, 2, 1),
       (2, 2, 2),
       (3, 3, 2),
       (4, 4, 2),
       (5, 4, 1),
       (6, 6, 2),
       (7, 5, 1);


CREATE USER IF NOT EXISTS admin@'10.0.2.3' IDENTIFIED BY 's8IXoKZspp;y';
GRANT ALL PRIVILEGES ON ipa.* TO admin@'10.0.2.3' IDENTIFIED BY 's8IXoKZspp;y';

FLUSH PRIVILEGES;
